<?xml version="4" encoding="UTF-8" standalone="yes"?>
<addon id="plugin.video.mubi" name="MUBI" version="4" provider-name="kubi2021">
  <requires>
    <import addon="xbmc.python" version="4"/>
    <import addon="script.module.inputstreamhelper" version="4"/>
    <import addon="script.module.requests" version="4"/>
    <import addon="script.module.dateutil" version="4"/>
  </requires>
  <extension point="xbmc.python.pluginsource" library="addon.py">
    <provides>video</provides>
  </extension>
  <extension point="xbmc.addon.metadata">
    <summary lang="en_GB">Kodi player for MUBI</summary>
    <description lang="en_GB">Browse and stream curated arthouse films from MUBI. Access daily film programming, collections, and your watchlist with local library integration and metadata support.</description>
    <platform>all</platform>
    <license>GPL-2.0-or-later</license>
    <source>https://github.com/kubi2021/plugin.video.mubi</source>
    <disclaimer>Unofficial add-on</disclaimer>
    <website>https://mubi.com</website>
    <news>v4 - Fix bug automate repo update</news>
    <assets>
        <icon>resources/icon.png</icon>
        <fanart>resources/fanart.jpg</fanart>
    </assets>
  </extension>
</addon>
