<?xml version="1.0" encoding="UTF-8" standalone="yes"?>
<addon id="plugin.video.mubi" name="MUBI" version="15" provider-name="kubi2021">
  <requires>
    <import addon="xbmc.python" version="3.0.1"/>
    <import addon="script.module.inputstreamhelper" version="0.5.0+matrix.1"/>
    <import addon="script.module.requests" version="2.12.4"/>
    <import addon="script.module.dateutil" version="2.5.3"/>
  </requires>
  <extension point="xbmc.python.pluginsource" library="addon.py">
    <provides>video</provides>
  </extension>
  <extension point="xbmc.addon.metadata">
    <summary lang="en_GB">Kodi player for MUBI</summary>
    <description lang="en_GB">Browse and stream curated arthouse films from MUBI. Access daily film programming, collections, and your watchlist with local library integration and metadata support.</description>
    <platform>all</platform>
    <license>GPL-2.0-or-later</license>
    <source>https://github.com/kubi2021/plugin.video.mubi</source>
    <disclaimer>Unofficial add-on</disclaimer>
    <website>https://mubi.com</website>
    <news>v15 - TMDB Integration <news>v14 - Bug fixes and improvements</news>amp; 10x faster sync</news>
    <assets>
        <icon>resources/icon.png</icon>
        <fanart>resources/fanart.png</fanart>
    </assets>
  </extension>
</addon>
