<?xml version="1.0" encoding="UTF-8" standalone="yes"?>
<addon id="repository.kubi2021" name="MUBI Repository" version="2" provider-name="kubi2021">
    <extension point="xbmc.addon.repository" name="MUBI Repository">
        <dir>
            <info compressed="false">https://raw.githubusercontent.com/kubi2021/plugin.video.mubi/main/repo/zips/addons.xml</info>
            <checksum>https://raw.githubusercontent.com/kubi2021/plugin.video.mubi/main/repo/zips/addons.xml.md5</checksum>
            <datadir zip="true">https://raw.githubusercontent.com/kubi2021/plugin.video.mubi/main/repo/zips/</datadir>
        </dir>
    </extension>
    <extension point="xbmc.addon.metadata">
        <summary>MUBI Repository</summary>
        <description>Personal Kodi repository containing the MUBI add-on for browsing and streaming curated arthouse films. Access MUBI's daily film programming, collections, and watchlist directly from Kodi with local library integration and metadata support.</description>
        <disclaimer>Unofficial add-on</disclaimer>
        <platform>all</platform>
        <license>GPL-2.0-or-later</license>
        <assets>
            <icon>icon.png</icon>
            <fanart>fanart.png</fanart>
        </assets>
    </extension>
</addon>
